{
  "accuracy": 0.97,
  "f1_score": 0.970873786407767,
  "confusion_matrix": [
    [
      47,
      3
    ],
    [
      0,
      50
    ]
  ],
  "classification_report": {
    "0.0": {
      "precision": 1.0,
      "recall": 0.94,
      "f1-score": 0.9690721649484536,
      "support": 50.0
    },
    "1.0": {
      "precision": 0.9433962264150944,
      "recall": 1.0,
      "f1-score": 0.970873786407767,
      "support": 50.0
    },
    "accuracy": 0.97,
    "macro avg": {
      "precision": 0.9716981132075472,
      "recall": 0.97,
      "f1-score": 0.9699729756781104,
      "support": 100.0
    },
    "weighted avg": {
      "precision": 0.9716981132075472,
      "recall": 0.97,
      "f1-score": 0.9699729756781104,
      "support": 100.0
    }
  }
}