{
  "accuracy": 0.94,
  "f1_score": 0.9411764705882353,
  "confusion_matrix": [
    [
      46,
      4
    ],
    [
      2,
      48
    ]
  ],
  "classification_report": {
    "0.0": {
      "precision": 0.9583333333333334,
      "recall": 0.92,
      "f1-score": 0.9387755102040817,
      "support": 50.0
    },
    "1.0": {
      "precision": 0.9230769230769231,
      "recall": 0.96,
      "f1-score": 0.9411764705882353,
      "support": 50.0
    },
    "accuracy": 0.94,
    "macro avg": {
      "precision": 0.9407051282051282,
      "recall": 0.94,
      "f1-score": 0.9399759903961584,
      "support": 100.0
    },
    "weighted avg": {
      "precision": 0.9407051282051282,
      "recall": 0.94,
      "f1-score": 0.9399759903961583,
      "support": 100.0
    }
  }
}